ketchup, butter, diapers,
bread, diapers, ketchup,
butter, bread, ketchup,
diapers, butter,,
ketchup, butter, diapers, beer
diapers, beer, butter,
diapers, butter, bread,
bread, beer, diapers,
ketchup, chips, pork, diapers
butter, ketchup, beer,
beer, macaroni, ketchup, butter
bread, ketchup, butter, beer
bread, beer,,
butter, beer, ketchup,
diapers, beer, butter, bread
beer, ketchup, diapers,
butter, bread, salmon,
butter, bread,,
beer, bread, diapers,
butter, beer, ketchup,
beer, diapers, bread, ketchup
beer, ketchup, tomotes, butter
bread, ketchup,,
bread, ketchup, butter,
diapers, butter, bread,
beer, ketchup,,
diapers, asparagus, beer,
butter, bread,,
diapers, ketchup, beer, bread
butter, ketchup, beer,
beer, butter, diapers, bread
diapers, bread, butter, ketchup
ketchup, butter, beans,
butter, diapers, bread,
butter, bread, diapers,
diapers, beer,,
beer, bread, ketchup,
beer, diapers, ketchup,
diapers, beer,,
ketchup, beer, butter, bread
bread, diapers,,
beer, bread, butter, corn
butter, ketchup,,
butter, beer, diapers, bread
beer, bread, butter,
beer, butter, bread, diapers
butter, ketchup, beer,
beer, diapers, butter, ketchup
butter, beer, spinach,
bread, butter,,
butter, bread, ketchup, diapers
ketchup, bread, diapers, butter
diapers, beer, butter, ketchup
ketchup, beer,,
beer, ketchup, bread, diapers
bread, butter, beer,
beer, diapers,,
okra, beer, spaghetti,
diapers, ketchup, beer, butter
ketchup, butter, diapers,
beer, ketchup, butter, diapers
bread, butter, beer,
butter, okra, beer, bread
butter, bread, beer,
ketchup, bread, beer, leeks
butter, ketchup, beer, bread
butter, bread, beer,
bread, diapers, butter, ketchup
beer, diapers, bread, butter
butter, bread,,
ketchup, beer,,
bread, diapers, ketchup, butter
diapers, ketchup, bread, beer
beer, diapers, ketchup, butter
butter, bread,,
butter, diapers, bread,
ketchup, bread,,
beer, butter, diapers, ketchup
beer, butter, ketchup, diapers
diapers, bread, beer,
ketchup, butter, diapers,
ketchup, diapers,,
ketchup, bread, diapers,
bread, beer, diapers,
ketchup, bread, diapers,
butter, sausages, bread, diapers
butter, diapers, bread,
beer, ketchup,,
butter, diapers, ketchup, beer
ketchup, bread, butter, raisins
bread, ketchup, diapers, butter
bread, butter,,
ketchup, butter, squid,
bread, butter, beer,
beer, butter, ketchup,
beer, diapers, bread, butter
beer, ketchup, bread, milk
diapers, ketchup,,
ketchup, diapers, bread, beer
bread, beer,,
